"ID","LAT_MIN","LAT_MAX","LON_MIN","LON_MAX"
"(0, 0)","-23.9480184","-23.8579384","-49.581026165","-49.490946165"
"(0, 1)","-23.9480184","-23.8579384","-49.490936164999994","-49.400856165"
"(0, 2)","-23.9480184","-23.8579384","-49.400846165","-49.310766165000004"
"(0, 3)","-23.9480184","-23.8579384","-49.310756165","-49.220676165"
"(0, 4)","-23.9480184","-23.8579384","-49.220666165","-49.130586165"
"(0, 5)","-23.9480184","-23.8579384","-49.130576164999994","-49.040496165"
"(0, 6)","-23.9480184","-23.8579384","-49.040486165","-48.950406165000004"
"(0, 7)","-23.9480184","-23.8579384","-48.950396165","-48.860316165"
"(0, 8)","-23.9480184","-23.8579384","-48.860306165","-48.770226165"
"(0, 9)","-23.9480184","-23.8579384","-48.770216164999994","-48.680136165"
"(0, 10)","-23.9480184","-23.8579384","-48.680126165","-48.590046165000004"
"(0, 11)","-23.9480184","-23.8579384","-48.590036165","-48.499956165"
"(0, 12)","-23.9480184","-23.8579384","-48.499946165","-48.409866165"
"(0, 13)","-23.9480184","-23.8579384","-48.409856164999994","-48.319776165"
"(0, 14)","-23.9480184","-23.8579384","-48.319766165","-48.229686165000004"
"(0, 15)","-23.9480184","-23.8579384","-48.229676165","-48.139596165"
"(0, 16)","-23.9480184","-23.8579384","-48.139586165","-48.049506165"
"(0, 17)","-23.9480184","-23.8579384","-48.049496164999994","-47.959416165"
"(0, 18)","-23.9480184","-23.8579384","-47.959406165","-47.869326165000004"
"(0, 19)","-23.9480184","-23.8579384","-47.869316165","-47.779236165"
"(0, 20)","-23.9480184","-23.8579384","-47.779226165","-47.689146165"
"(0, 21)","-23.9480184","-23.8579384","-47.689136164999994","-47.599056165"
"(0, 22)","-23.9480184","-23.8579384","-47.599046165","-47.508966165000004"
"(0, 23)","-23.9480184","-23.8579384","-47.508956165","-47.418876165"
"(0, 24)","-23.9480184","-23.8579384","-47.418866165","-47.328786165"
"(0, 25)","-23.9480184","-23.8579384","-47.328776164999994","-47.238696165"
"(0, 26)","-23.9480184","-23.8579384","-47.238686165","-47.148606165000004"
"(0, 27)","-23.9480184","-23.8579384","-47.148596165","-47.058516165"
"(0, 28)","-23.9480184","-23.8579384","-47.058506165","-46.968426165"
"(0, 29)","-23.9480184","-23.8579384","-46.968416164999994","-46.878336165"
"(0, 30)","-23.9480184","-23.8579384","-46.878326165","-46.788246165000004"
"(0, 31)","-23.9480184","-23.8579384","-46.788236165","-46.698156165"
"(0, 32)","-23.9480184","-23.8579384","-46.698146165","-46.608066165"
"(0, 33)","-23.9480184","-23.8579384","-46.608056164999994","-46.517976165"
"(0, 34)","-23.9480184","-23.8579384","-46.517966165","-46.427886165000004"
"(0, 35)","-23.9480184","-23.8579384","-46.427876165","-46.337796165"
"(0, 36)","-23.9480184","-23.8579384","-46.337786165","-46.247706165"
"(0, 37)","-23.9480184","-23.8579384","-46.247696164999994","-46.157616165"
"(1, 0)","-23.8579284","-23.7678484","-49.581026165","-49.490946165"
"(1, 1)","-23.8579284","-23.7678484","-49.490936164999994","-49.400856165"
"(1, 2)","-23.8579284","-23.7678484","-49.400846165","-49.310766165000004"
"(1, 3)","-23.8579284","-23.7678484","-49.310756165","-49.220676165"
"(1, 4)","-23.8579284","-23.7678484","-49.220666165","-49.130586165"
"(1, 5)","-23.8579284","-23.7678484","-49.130576164999994","-49.040496165"
"(1, 6)","-23.8579284","-23.7678484","-49.040486165","-48.950406165000004"
"(1, 7)","-23.8579284","-23.7678484","-48.950396165","-48.860316165"
"(1, 8)","-23.8579284","-23.7678484","-48.860306165","-48.770226165"
"(1, 9)","-23.8579284","-23.7678484","-48.770216164999994","-48.680136165"
"(1, 10)","-23.8579284","-23.7678484","-48.680126165","-48.590046165000004"
"(1, 11)","-23.8579284","-23.7678484","-48.590036165","-48.499956165"
"(1, 12)","-23.8579284","-23.7678484","-48.499946165","-48.409866165"
"(1, 13)","-23.8579284","-23.7678484","-48.409856164999994","-48.319776165"
"(1, 14)","-23.8579284","-23.7678484","-48.319766165","-48.229686165000004"
"(1, 15)","-23.8579284","-23.7678484","-48.229676165","-48.139596165"
"(1, 16)","-23.8579284","-23.7678484","-48.139586165","-48.049506165"
"(1, 17)","-23.8579284","-23.7678484","-48.049496164999994","-47.959416165"
"(1, 18)","-23.8579284","-23.7678484","-47.959406165","-47.869326165000004"
"(1, 19)","-23.8579284","-23.7678484","-47.869316165","-47.779236165"
"(1, 20)","-23.8579284","-23.7678484","-47.779226165","-47.689146165"
"(1, 21)","-23.8579284","-23.7678484","-47.689136164999994","-47.599056165"
"(1, 22)","-23.8579284","-23.7678484","-47.599046165","-47.508966165000004"
"(1, 23)","-23.8579284","-23.7678484","-47.508956165","-47.418876165"
"(1, 24)","-23.8579284","-23.7678484","-47.418866165","-47.328786165"
"(1, 25)","-23.8579284","-23.7678484","-47.328776164999994","-47.238696165"
"(1, 26)","-23.8579284","-23.7678484","-47.238686165","-47.148606165000004"
"(1, 27)","-23.8579284","-23.7678484","-47.148596165","-47.058516165"
"(1, 28)","-23.8579284","-23.7678484","-47.058506165","-46.968426165"
"(1, 29)","-23.8579284","-23.7678484","-46.968416164999994","-46.878336165"
"(1, 30)","-23.8579284","-23.7678484","-46.878326165","-46.788246165000004"
"(1, 31)","-23.8579284","-23.7678484","-46.788236165","-46.698156165"
"(1, 32)","-23.8579284","-23.7678484","-46.698146165","-46.608066165"
"(1, 33)","-23.8579284","-23.7678484","-46.608056164999994","-46.517976165"
"(1, 34)","-23.8579284","-23.7678484","-46.517966165","-46.427886165000004"
"(1, 35)","-23.8579284","-23.7678484","-46.427876165","-46.337796165"
"(1, 36)","-23.8579284","-23.7678484","-46.337786165","-46.247706165"
"(1, 37)","-23.8579284","-23.7678484","-46.247696164999994","-46.157616165"
"(2, 0)","-23.7678384","-23.6777584","-49.581026165","-49.490946165"
"(2, 1)","-23.7678384","-23.6777584","-49.490936164999994","-49.400856165"
"(2, 2)","-23.7678384","-23.6777584","-49.400846165","-49.310766165000004"
"(2, 3)","-23.7678384","-23.6777584","-49.310756165","-49.220676165"
"(2, 4)","-23.7678384","-23.6777584","-49.220666165","-49.130586165"
"(2, 5)","-23.7678384","-23.6777584","-49.130576164999994","-49.040496165"
"(2, 6)","-23.7678384","-23.6777584","-49.040486165","-48.950406165000004"
"(2, 7)","-23.7678384","-23.6777584","-48.950396165","-48.860316165"
"(2, 8)","-23.7678384","-23.6777584","-48.860306165","-48.770226165"
"(2, 9)","-23.7678384","-23.6777584","-48.770216164999994","-48.680136165"
"(2, 10)","-23.7678384","-23.6777584","-48.680126165","-48.590046165000004"
"(2, 11)","-23.7678384","-23.6777584","-48.590036165","-48.499956165"
"(2, 12)","-23.7678384","-23.6777584","-48.499946165","-48.409866165"
"(2, 13)","-23.7678384","-23.6777584","-48.409856164999994","-48.319776165"
"(2, 14)","-23.7678384","-23.6777584","-48.319766165","-48.229686165000004"
"(2, 15)","-23.7678384","-23.6777584","-48.229676165","-48.139596165"
"(2, 16)","-23.7678384","-23.6777584","-48.139586165","-48.049506165"
"(2, 17)","-23.7678384","-23.6777584","-48.049496164999994","-47.959416165"
"(2, 18)","-23.7678384","-23.6777584","-47.959406165","-47.869326165000004"
"(2, 19)","-23.7678384","-23.6777584","-47.869316165","-47.779236165"
"(2, 20)","-23.7678384","-23.6777584","-47.779226165","-47.689146165"
"(2, 21)","-23.7678384","-23.6777584","-47.689136164999994","-47.599056165"
"(2, 22)","-23.7678384","-23.6777584","-47.599046165","-47.508966165000004"
"(2, 23)","-23.7678384","-23.6777584","-47.508956165","-47.418876165"
"(2, 24)","-23.7678384","-23.6777584","-47.418866165","-47.328786165"
"(2, 25)","-23.7678384","-23.6777584","-47.328776164999994","-47.238696165"
"(2, 26)","-23.7678384","-23.6777584","-47.238686165","-47.148606165000004"
"(2, 27)","-23.7678384","-23.6777584","-47.148596165","-47.058516165"
"(2, 28)","-23.7678384","-23.6777584","-47.058506165","-46.968426165"
"(2, 29)","-23.7678384","-23.6777584","-46.968416164999994","-46.878336165"
"(2, 30)","-23.7678384","-23.6777584","-46.878326165","-46.788246165000004"
"(2, 31)","-23.7678384","-23.6777584","-46.788236165","-46.698156165"
"(2, 32)","-23.7678384","-23.6777584","-46.698146165","-46.608066165"
"(2, 33)","-23.7678384","-23.6777584","-46.608056164999994","-46.517976165"
"(2, 34)","-23.7678384","-23.6777584","-46.517966165","-46.427886165000004"
"(2, 35)","-23.7678384","-23.6777584","-46.427876165","-46.337796165"
"(2, 36)","-23.7678384","-23.6777584","-46.337786165","-46.247706165"
"(2, 37)","-23.7678384","-23.6777584","-46.247696164999994","-46.157616165"
"(3, 0)","-23.6777484","-23.5876684","-49.581026165","-49.490946165"
"(3, 1)","-23.6777484","-23.5876684","-49.490936164999994","-49.400856165"
"(3, 2)","-23.6777484","-23.5876684","-49.400846165","-49.310766165000004"
"(3, 3)","-23.6777484","-23.5876684","-49.310756165","-49.220676165"
"(3, 4)","-23.6777484","-23.5876684","-49.220666165","-49.130586165"
"(3, 5)","-23.6777484","-23.5876684","-49.130576164999994","-49.040496165"
"(3, 6)","-23.6777484","-23.5876684","-49.040486165","-48.950406165000004"
"(3, 7)","-23.6777484","-23.5876684","-48.950396165","-48.860316165"
"(3, 8)","-23.6777484","-23.5876684","-48.860306165","-48.770226165"
"(3, 9)","-23.6777484","-23.5876684","-48.770216164999994","-48.680136165"
"(3, 10)","-23.6777484","-23.5876684","-48.680126165","-48.590046165000004"
"(3, 11)","-23.6777484","-23.5876684","-48.590036165","-48.499956165"
"(3, 12)","-23.6777484","-23.5876684","-48.499946165","-48.409866165"
"(3, 13)","-23.6777484","-23.5876684","-48.409856164999994","-48.319776165"
"(3, 14)","-23.6777484","-23.5876684","-48.319766165","-48.229686165000004"
"(3, 15)","-23.6777484","-23.5876684","-48.229676165","-48.139596165"
"(3, 16)","-23.6777484","-23.5876684","-48.139586165","-48.049506165"
"(3, 17)","-23.6777484","-23.5876684","-48.049496164999994","-47.959416165"
"(3, 18)","-23.6777484","-23.5876684","-47.959406165","-47.869326165000004"
"(3, 19)","-23.6777484","-23.5876684","-47.869316165","-47.779236165"
"(3, 20)","-23.6777484","-23.5876684","-47.779226165","-47.689146165"
"(3, 21)","-23.6777484","-23.5876684","-47.689136164999994","-47.599056165"
"(3, 22)","-23.6777484","-23.5876684","-47.599046165","-47.508966165000004"
"(3, 23)","-23.6777484","-23.5876684","-47.508956165","-47.418876165"
"(3, 24)","-23.6777484","-23.5876684","-47.418866165","-47.328786165"
"(3, 25)","-23.6777484","-23.5876684","-47.328776164999994","-47.238696165"
"(3, 26)","-23.6777484","-23.5876684","-47.238686165","-47.148606165000004"
"(3, 27)","-23.6777484","-23.5876684","-47.148596165","-47.058516165"
"(3, 28)","-23.6777484","-23.5876684","-47.058506165","-46.968426165"
"(3, 29)","-23.6777484","-23.5876684","-46.968416164999994","-46.878336165"
"(3, 30)","-23.6777484","-23.5876684","-46.878326165","-46.788246165000004"
"(3, 31)","-23.6777484","-23.5876684","-46.788236165","-46.698156165"
"(3, 32)","-23.6777484","-23.5876684","-46.698146165","-46.608066165"
"(3, 33)","-23.6777484","-23.5876684","-46.608056164999994","-46.517976165"
"(3, 34)","-23.6777484","-23.5876684","-46.517966165","-46.427886165000004"
"(3, 35)","-23.6777484","-23.5876684","-46.427876165","-46.337796165"
"(3, 36)","-23.6777484","-23.5876684","-46.337786165","-46.247706165"
"(3, 37)","-23.6777484","-23.5876684","-46.247696164999994","-46.157616165"
"(4, 0)","-23.5876584","-23.4975784","-49.581026165","-49.490946165"
"(4, 1)","-23.5876584","-23.4975784","-49.490936164999994","-49.400856165"
"(4, 2)","-23.5876584","-23.4975784","-49.400846165","-49.310766165000004"
"(4, 3)","-23.5876584","-23.4975784","-49.310756165","-49.220676165"
"(4, 4)","-23.5876584","-23.4975784","-49.220666165","-49.130586165"
"(4, 5)","-23.5876584","-23.4975784","-49.130576164999994","-49.040496165"
"(4, 6)","-23.5876584","-23.4975784","-49.040486165","-48.950406165000004"
"(4, 7)","-23.5876584","-23.4975784","-48.950396165","-48.860316165"
"(4, 8)","-23.5876584","-23.4975784","-48.860306165","-48.770226165"
"(4, 9)","-23.5876584","-23.4975784","-48.770216164999994","-48.680136165"
"(4, 10)","-23.5876584","-23.4975784","-48.680126165","-48.590046165000004"
"(4, 11)","-23.5876584","-23.4975784","-48.590036165","-48.499956165"
"(4, 12)","-23.5876584","-23.4975784","-48.499946165","-48.409866165"
"(4, 13)","-23.5876584","-23.4975784","-48.409856164999994","-48.319776165"
"(4, 14)","-23.5876584","-23.4975784","-48.319766165","-48.229686165000004"
"(4, 15)","-23.5876584","-23.4975784","-48.229676165","-48.139596165"
"(4, 16)","-23.5876584","-23.4975784","-48.139586165","-48.049506165"
"(4, 17)","-23.5876584","-23.4975784","-48.049496164999994","-47.959416165"
"(4, 18)","-23.5876584","-23.4975784","-47.959406165","-47.869326165000004"
"(4, 19)","-23.5876584","-23.4975784","-47.869316165","-47.779236165"
"(4, 20)","-23.5876584","-23.4975784","-47.779226165","-47.689146165"
"(4, 21)","-23.5876584","-23.4975784","-47.689136164999994","-47.599056165"
"(4, 22)","-23.5876584","-23.4975784","-47.599046165","-47.508966165000004"
"(4, 23)","-23.5876584","-23.4975784","-47.508956165","-47.418876165"
"(4, 24)","-23.5876584","-23.4975784","-47.418866165","-47.328786165"
"(4, 25)","-23.5876584","-23.4975784","-47.328776164999994","-47.238696165"
"(4, 26)","-23.5876584","-23.4975784","-47.238686165","-47.148606165000004"
"(4, 27)","-23.5876584","-23.4975784","-47.148596165","-47.058516165"
"(4, 28)","-23.5876584","-23.4975784","-47.058506165","-46.968426165"
"(4, 29)","-23.5876584","-23.4975784","-46.968416164999994","-46.878336165"
"(4, 30)","-23.5876584","-23.4975784","-46.878326165","-46.788246165000004"
"(4, 31)","-23.5876584","-23.4975784","-46.788236165","-46.698156165"
"(4, 32)","-23.5876584","-23.4975784","-46.698146165","-46.608066165"
"(4, 33)","-23.5876584","-23.4975784","-46.608056164999994","-46.517976165"
"(4, 34)","-23.5876584","-23.4975784","-46.517966165","-46.427886165000004"
"(4, 35)","-23.5876584","-23.4975784","-46.427876165","-46.337796165"
"(4, 36)","-23.5876584","-23.4975784","-46.337786165","-46.247706165"
"(4, 37)","-23.5876584","-23.4975784","-46.247696164999994","-46.157616165"
"(5, 0)","-23.4975684","-23.4074884","-49.581026165","-49.490946165"
"(5, 1)","-23.4975684","-23.4074884","-49.490936164999994","-49.400856165"
"(5, 2)","-23.4975684","-23.4074884","-49.400846165","-49.310766165000004"
"(5, 3)","-23.4975684","-23.4074884","-49.310756165","-49.220676165"
"(5, 4)","-23.4975684","-23.4074884","-49.220666165","-49.130586165"
"(5, 5)","-23.4975684","-23.4074884","-49.130576164999994","-49.040496165"
"(5, 6)","-23.4975684","-23.4074884","-49.040486165","-48.950406165000004"
"(5, 7)","-23.4975684","-23.4074884","-48.950396165","-48.860316165"
"(5, 8)","-23.4975684","-23.4074884","-48.860306165","-48.770226165"
"(5, 9)","-23.4975684","-23.4074884","-48.770216164999994","-48.680136165"
"(5, 10)","-23.4975684","-23.4074884","-48.680126165","-48.590046165000004"
"(5, 11)","-23.4975684","-23.4074884","-48.590036165","-48.499956165"
"(5, 12)","-23.4975684","-23.4074884","-48.499946165","-48.409866165"
"(5, 13)","-23.4975684","-23.4074884","-48.409856164999994","-48.319776165"
"(5, 14)","-23.4975684","-23.4074884","-48.319766165","-48.229686165000004"
"(5, 15)","-23.4975684","-23.4074884","-48.229676165","-48.139596165"
"(5, 16)","-23.4975684","-23.4074884","-48.139586165","-48.049506165"
"(5, 17)","-23.4975684","-23.4074884","-48.049496164999994","-47.959416165"
"(5, 18)","-23.4975684","-23.4074884","-47.959406165","-47.869326165000004"
"(5, 19)","-23.4975684","-23.4074884","-47.869316165","-47.779236165"
"(5, 20)","-23.4975684","-23.4074884","-47.779226165","-47.689146165"
"(5, 21)","-23.4975684","-23.4074884","-47.689136164999994","-47.599056165"
"(5, 22)","-23.4975684","-23.4074884","-47.599046165","-47.508966165000004"
"(5, 23)","-23.4975684","-23.4074884","-47.508956165","-47.418876165"
"(5, 24)","-23.4975684","-23.4074884","-47.418866165","-47.328786165"
"(5, 25)","-23.4975684","-23.4074884","-47.328776164999994","-47.238696165"
"(5, 26)","-23.4975684","-23.4074884","-47.238686165","-47.148606165000004"
"(5, 27)","-23.4975684","-23.4074884","-47.148596165","-47.058516165"
"(5, 28)","-23.4975684","-23.4074884","-47.058506165","-46.968426165"
"(5, 29)","-23.4975684","-23.4074884","-46.968416164999994","-46.878336165"
"(5, 30)","-23.4975684","-23.4074884","-46.878326165","-46.788246165000004"
"(5, 31)","-23.4975684","-23.4074884","-46.788236165","-46.698156165"
"(5, 32)","-23.4975684","-23.4074884","-46.698146165","-46.608066165"
"(5, 33)","-23.4975684","-23.4074884","-46.608056164999994","-46.517976165"
"(5, 34)","-23.4975684","-23.4074884","-46.517966165","-46.427886165000004"
"(5, 35)","-23.4975684","-23.4074884","-46.427876165","-46.337796165"
"(5, 36)","-23.4975684","-23.4074884","-46.337786165","-46.247706165"
"(5, 37)","-23.4975684","-23.4074884","-46.247696164999994","-46.157616165"
"(6, 0)","-23.4074784","-23.3173984","-49.581026165","-49.490946165"
"(6, 1)","-23.4074784","-23.3173984","-49.490936164999994","-49.400856165"
"(6, 2)","-23.4074784","-23.3173984","-49.400846165","-49.310766165000004"
"(6, 3)","-23.4074784","-23.3173984","-49.310756165","-49.220676165"
"(6, 4)","-23.4074784","-23.3173984","-49.220666165","-49.130586165"
"(6, 5)","-23.4074784","-23.3173984","-49.130576164999994","-49.040496165"
"(6, 6)","-23.4074784","-23.3173984","-49.040486165","-48.950406165000004"
"(6, 7)","-23.4074784","-23.3173984","-48.950396165","-48.860316165"
"(6, 8)","-23.4074784","-23.3173984","-48.860306165","-48.770226165"
"(6, 9)","-23.4074784","-23.3173984","-48.770216164999994","-48.680136165"
"(6, 10)","-23.4074784","-23.3173984","-48.680126165","-48.590046165000004"
"(6, 11)","-23.4074784","-23.3173984","-48.590036165","-48.499956165"
"(6, 12)","-23.4074784","-23.3173984","-48.499946165","-48.409866165"
"(6, 13)","-23.4074784","-23.3173984","-48.409856164999994","-48.319776165"
"(6, 14)","-23.4074784","-23.3173984","-48.319766165","-48.229686165000004"
"(6, 15)","-23.4074784","-23.3173984","-48.229676165","-48.139596165"
"(6, 16)","-23.4074784","-23.3173984","-48.139586165","-48.049506165"
"(6, 17)","-23.4074784","-23.3173984","-48.049496164999994","-47.959416165"
"(6, 18)","-23.4074784","-23.3173984","-47.959406165","-47.869326165000004"
"(6, 19)","-23.4074784","-23.3173984","-47.869316165","-47.779236165"
"(6, 20)","-23.4074784","-23.3173984","-47.779226165","-47.689146165"
"(6, 21)","-23.4074784","-23.3173984","-47.689136164999994","-47.599056165"
"(6, 22)","-23.4074784","-23.3173984","-47.599046165","-47.508966165000004"
"(6, 23)","-23.4074784","-23.3173984","-47.508956165","-47.418876165"
"(6, 24)","-23.4074784","-23.3173984","-47.418866165","-47.328786165"
"(6, 25)","-23.4074784","-23.3173984","-47.328776164999994","-47.238696165"
"(6, 26)","-23.4074784","-23.3173984","-47.238686165","-47.148606165000004"
"(6, 27)","-23.4074784","-23.3173984","-47.148596165","-47.058516165"
"(6, 28)","-23.4074784","-23.3173984","-47.058506165","-46.968426165"
"(6, 29)","-23.4074784","-23.3173984","-46.968416164999994","-46.878336165"
"(6, 30)","-23.4074784","-23.3173984","-46.878326165","-46.788246165000004"
"(6, 31)","-23.4074784","-23.3173984","-46.788236165","-46.698156165"
"(6, 32)","-23.4074784","-23.3173984","-46.698146165","-46.608066165"
"(6, 33)","-23.4074784","-23.3173984","-46.608056164999994","-46.517976165"
"(6, 34)","-23.4074784","-23.3173984","-46.517966165","-46.427886165000004"
"(6, 35)","-23.4074784","-23.3173984","-46.427876165","-46.337796165"
"(6, 36)","-23.4074784","-23.3173984","-46.337786165","-46.247706165"
"(6, 37)","-23.4074784","-23.3173984","-46.247696164999994","-46.157616165"
"(7, 0)","-23.3173884","-23.2273084","-49.581026165","-49.490946165"
"(7, 1)","-23.3173884","-23.2273084","-49.490936164999994","-49.400856165"
"(7, 2)","-23.3173884","-23.2273084","-49.400846165","-49.310766165000004"
"(7, 3)","-23.3173884","-23.2273084","-49.310756165","-49.220676165"
"(7, 4)","-23.3173884","-23.2273084","-49.220666165","-49.130586165"
"(7, 5)","-23.3173884","-23.2273084","-49.130576164999994","-49.040496165"
"(7, 6)","-23.3173884","-23.2273084","-49.040486165","-48.950406165000004"
"(7, 7)","-23.3173884","-23.2273084","-48.950396165","-48.860316165"
"(7, 8)","-23.3173884","-23.2273084","-48.860306165","-48.770226165"
"(7, 9)","-23.3173884","-23.2273084","-48.770216164999994","-48.680136165"
"(7, 10)","-23.3173884","-23.2273084","-48.680126165","-48.590046165000004"
"(7, 11)","-23.3173884","-23.2273084","-48.590036165","-48.499956165"
"(7, 12)","-23.3173884","-23.2273084","-48.499946165","-48.409866165"
"(7, 13)","-23.3173884","-23.2273084","-48.409856164999994","-48.319776165"
"(7, 14)","-23.3173884","-23.2273084","-48.319766165","-48.229686165000004"
"(7, 15)","-23.3173884","-23.2273084","-48.229676165","-48.139596165"
"(7, 16)","-23.3173884","-23.2273084","-48.139586165","-48.049506165"
"(7, 17)","-23.3173884","-23.2273084","-48.049496164999994","-47.959416165"
"(7, 18)","-23.3173884","-23.2273084","-47.959406165","-47.869326165000004"
"(7, 19)","-23.3173884","-23.2273084","-47.869316165","-47.779236165"
"(7, 20)","-23.3173884","-23.2273084","-47.779226165","-47.689146165"
"(7, 21)","-23.3173884","-23.2273084","-47.689136164999994","-47.599056165"
"(7, 22)","-23.3173884","-23.2273084","-47.599046165","-47.508966165000004"
"(7, 23)","-23.3173884","-23.2273084","-47.508956165","-47.418876165"
"(7, 24)","-23.3173884","-23.2273084","-47.418866165","-47.328786165"
"(7, 25)","-23.3173884","-23.2273084","-47.328776164999994","-47.238696165"
"(7, 26)","-23.3173884","-23.2273084","-47.238686165","-47.148606165000004"
"(7, 27)","-23.3173884","-23.2273084","-47.148596165","-47.058516165"
"(7, 28)","-23.3173884","-23.2273084","-47.058506165","-46.968426165"
"(7, 29)","-23.3173884","-23.2273084","-46.968416164999994","-46.878336165"
"(7, 30)","-23.3173884","-23.2273084","-46.878326165","-46.788246165000004"
"(7, 31)","-23.3173884","-23.2273084","-46.788236165","-46.698156165"
"(7, 32)","-23.3173884","-23.2273084","-46.698146165","-46.608066165"
"(7, 33)","-23.3173884","-23.2273084","-46.608056164999994","-46.517976165"
"(7, 34)","-23.3173884","-23.2273084","-46.517966165","-46.427886165000004"
"(7, 35)","-23.3173884","-23.2273084","-46.427876165","-46.337796165"
"(7, 36)","-23.3173884","-23.2273084","-46.337786165","-46.247706165"
"(7, 37)","-23.3173884","-23.2273084","-46.247696164999994","-46.157616165"
"(8, 0)","-23.2272984","-23.1372184","-49.581026165","-49.490946165"
"(8, 1)","-23.2272984","-23.1372184","-49.490936164999994","-49.400856165"
"(8, 2)","-23.2272984","-23.1372184","-49.400846165","-49.310766165000004"
"(8, 3)","-23.2272984","-23.1372184","-49.310756165","-49.220676165"
"(8, 4)","-23.2272984","-23.1372184","-49.220666165","-49.130586165"
"(8, 5)","-23.2272984","-23.1372184","-49.130576164999994","-49.040496165"
"(8, 6)","-23.2272984","-23.1372184","-49.040486165","-48.950406165000004"
"(8, 7)","-23.2272984","-23.1372184","-48.950396165","-48.860316165"
"(8, 8)","-23.2272984","-23.1372184","-48.860306165","-48.770226165"
"(8, 9)","-23.2272984","-23.1372184","-48.770216164999994","-48.680136165"
"(8, 10)","-23.2272984","-23.1372184","-48.680126165","-48.590046165000004"
"(8, 11)","-23.2272984","-23.1372184","-48.590036165","-48.499956165"
"(8, 12)","-23.2272984","-23.1372184","-48.499946165","-48.409866165"
"(8, 13)","-23.2272984","-23.1372184","-48.409856164999994","-48.319776165"
"(8, 14)","-23.2272984","-23.1372184","-48.319766165","-48.229686165000004"
"(8, 15)","-23.2272984","-23.1372184","-48.229676165","-48.139596165"
"(8, 16)","-23.2272984","-23.1372184","-48.139586165","-48.049506165"
"(8, 17)","-23.2272984","-23.1372184","-48.049496164999994","-47.959416165"
"(8, 18)","-23.2272984","-23.1372184","-47.959406165","-47.869326165000004"
"(8, 19)","-23.2272984","-23.1372184","-47.869316165","-47.779236165"
"(8, 20)","-23.2272984","-23.1372184","-47.779226165","-47.689146165"
"(8, 21)","-23.2272984","-23.1372184","-47.689136164999994","-47.599056165"
"(8, 22)","-23.2272984","-23.1372184","-47.599046165","-47.508966165000004"
"(8, 23)","-23.2272984","-23.1372184","-47.508956165","-47.418876165"
"(8, 24)","-23.2272984","-23.1372184","-47.418866165","-47.328786165"
"(8, 25)","-23.2272984","-23.1372184","-47.328776164999994","-47.238696165"
"(8, 26)","-23.2272984","-23.1372184","-47.238686165","-47.148606165000004"
"(8, 27)","-23.2272984","-23.1372184","-47.148596165","-47.058516165"
"(8, 28)","-23.2272984","-23.1372184","-47.058506165","-46.968426165"
"(8, 29)","-23.2272984","-23.1372184","-46.968416164999994","-46.878336165"
"(8, 30)","-23.2272984","-23.1372184","-46.878326165","-46.788246165000004"
"(8, 31)","-23.2272984","-23.1372184","-46.788236165","-46.698156165"
"(8, 32)","-23.2272984","-23.1372184","-46.698146165","-46.608066165"
"(8, 33)","-23.2272984","-23.1372184","-46.608056164999994","-46.517976165"
"(8, 34)","-23.2272984","-23.1372184","-46.517966165","-46.427886165000004"
"(8, 35)","-23.2272984","-23.1372184","-46.427876165","-46.337796165"
"(8, 36)","-23.2272984","-23.1372184","-46.337786165","-46.247706165"
"(8, 37)","-23.2272984","-23.1372184","-46.247696164999994","-46.157616165"
"(9, 0)","-23.1372084","-23.0471284","-49.581026165","-49.490946165"
"(9, 1)","-23.1372084","-23.0471284","-49.490936164999994","-49.400856165"
"(9, 2)","-23.1372084","-23.0471284","-49.400846165","-49.310766165000004"
"(9, 3)","-23.1372084","-23.0471284","-49.310756165","-49.220676165"
"(9, 4)","-23.1372084","-23.0471284","-49.220666165","-49.130586165"
"(9, 5)","-23.1372084","-23.0471284","-49.130576164999994","-49.040496165"
"(9, 6)","-23.1372084","-23.0471284","-49.040486165","-48.950406165000004"
"(9, 7)","-23.1372084","-23.0471284","-48.950396165","-48.860316165"
"(9, 8)","-23.1372084","-23.0471284","-48.860306165","-48.770226165"
"(9, 9)","-23.1372084","-23.0471284","-48.770216164999994","-48.680136165"
"(9, 10)","-23.1372084","-23.0471284","-48.680126165","-48.590046165000004"
"(9, 11)","-23.1372084","-23.0471284","-48.590036165","-48.499956165"
"(9, 12)","-23.1372084","-23.0471284","-48.499946165","-48.409866165"
"(9, 13)","-23.1372084","-23.0471284","-48.409856164999994","-48.319776165"
"(9, 14)","-23.1372084","-23.0471284","-48.319766165","-48.229686165000004"
"(9, 15)","-23.1372084","-23.0471284","-48.229676165","-48.139596165"
"(9, 16)","-23.1372084","-23.0471284","-48.139586165","-48.049506165"
"(9, 17)","-23.1372084","-23.0471284","-48.049496164999994","-47.959416165"
"(9, 18)","-23.1372084","-23.0471284","-47.959406165","-47.869326165000004"
"(9, 19)","-23.1372084","-23.0471284","-47.869316165","-47.779236165"
"(9, 20)","-23.1372084","-23.0471284","-47.779226165","-47.689146165"
"(9, 21)","-23.1372084","-23.0471284","-47.689136164999994","-47.599056165"
"(9, 22)","-23.1372084","-23.0471284","-47.599046165","-47.508966165000004"
"(9, 23)","-23.1372084","-23.0471284","-47.508956165","-47.418876165"
"(9, 24)","-23.1372084","-23.0471284","-47.418866165","-47.328786165"
"(9, 25)","-23.1372084","-23.0471284","-47.328776164999994","-47.238696165"
"(9, 26)","-23.1372084","-23.0471284","-47.238686165","-47.148606165000004"
"(9, 27)","-23.1372084","-23.0471284","-47.148596165","-47.058516165"
"(9, 28)","-23.1372084","-23.0471284","-47.058506165","-46.968426165"
"(9, 29)","-23.1372084","-23.0471284","-46.968416164999994","-46.878336165"
"(9, 30)","-23.1372084","-23.0471284","-46.878326165","-46.788246165000004"
"(9, 31)","-23.1372084","-23.0471284","-46.788236165","-46.698156165"
"(9, 32)","-23.1372084","-23.0471284","-46.698146165","-46.608066165"
"(9, 33)","-23.1372084","-23.0471284","-46.608056164999994","-46.517976165"
"(9, 34)","-23.1372084","-23.0471284","-46.517966165","-46.427886165000004"
"(9, 35)","-23.1372084","-23.0471284","-46.427876165","-46.337796165"
"(9, 36)","-23.1372084","-23.0471284","-46.337786165","-46.247706165"
"(9, 37)","-23.1372084","-23.0471284","-46.247696164999994","-46.157616165"
"(10, 0)","-23.0471184","-22.9570384","-49.581026165","-49.490946165"
"(10, 1)","-23.0471184","-22.9570384","-49.490936164999994","-49.400856165"
"(10, 2)","-23.0471184","-22.9570384","-49.400846165","-49.310766165000004"
"(10, 3)","-23.0471184","-22.9570384","-49.310756165","-49.220676165"
"(10, 4)","-23.0471184","-22.9570384","-49.220666165","-49.130586165"
"(10, 5)","-23.0471184","-22.9570384","-49.130576164999994","-49.040496165"
"(10, 6)","-23.0471184","-22.9570384","-49.040486165","-48.950406165000004"
"(10, 7)","-23.0471184","-22.9570384","-48.950396165","-48.860316165"
"(10, 8)","-23.0471184","-22.9570384","-48.860306165","-48.770226165"
"(10, 9)","-23.0471184","-22.9570384","-48.770216164999994","-48.680136165"
"(10, 10)","-23.0471184","-22.9570384","-48.680126165","-48.590046165000004"
"(10, 11)","-23.0471184","-22.9570384","-48.590036165","-48.499956165"
"(10, 12)","-23.0471184","-22.9570384","-48.499946165","-48.409866165"
"(10, 13)","-23.0471184","-22.9570384","-48.409856164999994","-48.319776165"
"(10, 14)","-23.0471184","-22.9570384","-48.319766165","-48.229686165000004"
"(10, 15)","-23.0471184","-22.9570384","-48.229676165","-48.139596165"
"(10, 16)","-23.0471184","-22.9570384","-48.139586165","-48.049506165"
"(10, 17)","-23.0471184","-22.9570384","-48.049496164999994","-47.959416165"
"(10, 18)","-23.0471184","-22.9570384","-47.959406165","-47.869326165000004"
"(10, 19)","-23.0471184","-22.9570384","-47.869316165","-47.779236165"
"(10, 20)","-23.0471184","-22.9570384","-47.779226165","-47.689146165"
"(10, 21)","-23.0471184","-22.9570384","-47.689136164999994","-47.599056165"
"(10, 22)","-23.0471184","-22.9570384","-47.599046165","-47.508966165000004"
"(10, 23)","-23.0471184","-22.9570384","-47.508956165","-47.418876165"
"(10, 24)","-23.0471184","-22.9570384","-47.418866165","-47.328786165"
"(10, 25)","-23.0471184","-22.9570384","-47.328776164999994","-47.238696165"
"(10, 26)","-23.0471184","-22.9570384","-47.238686165","-47.148606165000004"
"(10, 27)","-23.0471184","-22.9570384","-47.148596165","-47.058516165"
"(10, 28)","-23.0471184","-22.9570384","-47.058506165","-46.968426165"
"(10, 29)","-23.0471184","-22.9570384","-46.968416164999994","-46.878336165"
"(10, 30)","-23.0471184","-22.9570384","-46.878326165","-46.788246165000004"
"(10, 31)","-23.0471184","-22.9570384","-46.788236165","-46.698156165"
"(10, 32)","-23.0471184","-22.9570384","-46.698146165","-46.608066165"
"(10, 33)","-23.0471184","-22.9570384","-46.608056164999994","-46.517976165"
"(10, 34)","-23.0471184","-22.9570384","-46.517966165","-46.427886165000004"
"(10, 35)","-23.0471184","-22.9570384","-46.427876165","-46.337796165"
"(10, 36)","-23.0471184","-22.9570384","-46.337786165","-46.247706165"
"(10, 37)","-23.0471184","-22.9570384","-46.247696164999994","-46.157616165"
"(11, 0)","-22.9570284","-22.8669484","-49.581026165","-49.490946165"
"(11, 1)","-22.9570284","-22.8669484","-49.490936164999994","-49.400856165"
"(11, 2)","-22.9570284","-22.8669484","-49.400846165","-49.310766165000004"
"(11, 3)","-22.9570284","-22.8669484","-49.310756165","-49.220676165"
"(11, 4)","-22.9570284","-22.8669484","-49.220666165","-49.130586165"
"(11, 5)","-22.9570284","-22.8669484","-49.130576164999994","-49.040496165"
"(11, 6)","-22.9570284","-22.8669484","-49.040486165","-48.950406165000004"
"(11, 7)","-22.9570284","-22.8669484","-48.950396165","-48.860316165"
"(11, 8)","-22.9570284","-22.8669484","-48.860306165","-48.770226165"
"(11, 9)","-22.9570284","-22.8669484","-48.770216164999994","-48.680136165"
"(11, 10)","-22.9570284","-22.8669484","-48.680126165","-48.590046165000004"
"(11, 11)","-22.9570284","-22.8669484","-48.590036165","-48.499956165"
"(11, 12)","-22.9570284","-22.8669484","-48.499946165","-48.409866165"
"(11, 13)","-22.9570284","-22.8669484","-48.409856164999994","-48.319776165"
"(11, 14)","-22.9570284","-22.8669484","-48.319766165","-48.229686165000004"
"(11, 15)","-22.9570284","-22.8669484","-48.229676165","-48.139596165"
"(11, 16)","-22.9570284","-22.8669484","-48.139586165","-48.049506165"
"(11, 17)","-22.9570284","-22.8669484","-48.049496164999994","-47.959416165"
"(11, 18)","-22.9570284","-22.8669484","-47.959406165","-47.869326165000004"
"(11, 19)","-22.9570284","-22.8669484","-47.869316165","-47.779236165"
"(11, 20)","-22.9570284","-22.8669484","-47.779226165","-47.689146165"
"(11, 21)","-22.9570284","-22.8669484","-47.689136164999994","-47.599056165"
"(11, 22)","-22.9570284","-22.8669484","-47.599046165","-47.508966165000004"
"(11, 23)","-22.9570284","-22.8669484","-47.508956165","-47.418876165"
"(11, 24)","-22.9570284","-22.8669484","-47.418866165","-47.328786165"
"(11, 25)","-22.9570284","-22.8669484","-47.328776164999994","-47.238696165"
"(11, 26)","-22.9570284","-22.8669484","-47.238686165","-47.148606165000004"
"(11, 27)","-22.9570284","-22.8669484","-47.148596165","-47.058516165"
"(11, 28)","-22.9570284","-22.8669484","-47.058506165","-46.968426165"
"(11, 29)","-22.9570284","-22.8669484","-46.968416164999994","-46.878336165"
"(11, 30)","-22.9570284","-22.8669484","-46.878326165","-46.788246165000004"
"(11, 31)","-22.9570284","-22.8669484","-46.788236165","-46.698156165"
"(11, 32)","-22.9570284","-22.8669484","-46.698146165","-46.608066165"
"(11, 33)","-22.9570284","-22.8669484","-46.608056164999994","-46.517976165"
"(11, 34)","-22.9570284","-22.8669484","-46.517966165","-46.427886165000004"
"(11, 35)","-22.9570284","-22.8669484","-46.427876165","-46.337796165"
"(11, 36)","-22.9570284","-22.8669484","-46.337786165","-46.247706165"
"(11, 37)","-22.9570284","-22.8669484","-46.247696164999994","-46.157616165"
"(12, 0)","-22.8669384","-22.7768584","-49.581026165","-49.490946165"
"(12, 1)","-22.8669384","-22.7768584","-49.490936164999994","-49.400856165"
"(12, 2)","-22.8669384","-22.7768584","-49.400846165","-49.310766165000004"
"(12, 3)","-22.8669384","-22.7768584","-49.310756165","-49.220676165"
"(12, 4)","-22.8669384","-22.7768584","-49.220666165","-49.130586165"
"(12, 5)","-22.8669384","-22.7768584","-49.130576164999994","-49.040496165"
"(12, 6)","-22.8669384","-22.7768584","-49.040486165","-48.950406165000004"
"(12, 7)","-22.8669384","-22.7768584","-48.950396165","-48.860316165"
"(12, 8)","-22.8669384","-22.7768584","-48.860306165","-48.770226165"
"(12, 9)","-22.8669384","-22.7768584","-48.770216164999994","-48.680136165"
"(12, 10)","-22.8669384","-22.7768584","-48.680126165","-48.590046165000004"
"(12, 11)","-22.8669384","-22.7768584","-48.590036165","-48.499956165"
"(12, 12)","-22.8669384","-22.7768584","-48.499946165","-48.409866165"
"(12, 13)","-22.8669384","-22.7768584","-48.409856164999994","-48.319776165"
"(12, 14)","-22.8669384","-22.7768584","-48.319766165","-48.229686165000004"
"(12, 15)","-22.8669384","-22.7768584","-48.229676165","-48.139596165"
"(12, 16)","-22.8669384","-22.7768584","-48.139586165","-48.049506165"
"(12, 17)","-22.8669384","-22.7768584","-48.049496164999994","-47.959416165"
"(12, 18)","-22.8669384","-22.7768584","-47.959406165","-47.869326165000004"
"(12, 19)","-22.8669384","-22.7768584","-47.869316165","-47.779236165"
"(12, 20)","-22.8669384","-22.7768584","-47.779226165","-47.689146165"
"(12, 21)","-22.8669384","-22.7768584","-47.689136164999994","-47.599056165"
"(12, 22)","-22.8669384","-22.7768584","-47.599046165","-47.508966165000004"
"(12, 23)","-22.8669384","-22.7768584","-47.508956165","-47.418876165"
"(12, 24)","-22.8669384","-22.7768584","-47.418866165","-47.328786165"
"(12, 25)","-22.8669384","-22.7768584","-47.328776164999994","-47.238696165"
"(12, 26)","-22.8669384","-22.7768584","-47.238686165","-47.148606165000004"
"(12, 27)","-22.8669384","-22.7768584","-47.148596165","-47.058516165"
"(12, 28)","-22.8669384","-22.7768584","-47.058506165","-46.968426165"
"(12, 29)","-22.8669384","-22.7768584","-46.968416164999994","-46.878336165"
"(12, 30)","-22.8669384","-22.7768584","-46.878326165","-46.788246165000004"
"(12, 31)","-22.8669384","-22.7768584","-46.788236165","-46.698156165"
"(12, 32)","-22.8669384","-22.7768584","-46.698146165","-46.608066165"
"(12, 33)","-22.8669384","-22.7768584","-46.608056164999994","-46.517976165"
"(12, 34)","-22.8669384","-22.7768584","-46.517966165","-46.427886165000004"
"(12, 35)","-22.8669384","-22.7768584","-46.427876165","-46.337796165"
"(12, 36)","-22.8669384","-22.7768584","-46.337786165","-46.247706165"
"(12, 37)","-22.8669384","-22.7768584","-46.247696164999994","-46.157616165"
"(13, 0)","-22.7768484","-22.6867684","-49.581026165","-49.490946165"
"(13, 1)","-22.7768484","-22.6867684","-49.490936164999994","-49.400856165"
"(13, 2)","-22.7768484","-22.6867684","-49.400846165","-49.310766165000004"
"(13, 3)","-22.7768484","-22.6867684","-49.310756165","-49.220676165"
"(13, 4)","-22.7768484","-22.6867684","-49.220666165","-49.130586165"
"(13, 5)","-22.7768484","-22.6867684","-49.130576164999994","-49.040496165"
"(13, 6)","-22.7768484","-22.6867684","-49.040486165","-48.950406165000004"
"(13, 7)","-22.7768484","-22.6867684","-48.950396165","-48.860316165"
"(13, 8)","-22.7768484","-22.6867684","-48.860306165","-48.770226165"
"(13, 9)","-22.7768484","-22.6867684","-48.770216164999994","-48.680136165"
"(13, 10)","-22.7768484","-22.6867684","-48.680126165","-48.590046165000004"
"(13, 11)","-22.7768484","-22.6867684","-48.590036165","-48.499956165"
"(13, 12)","-22.7768484","-22.6867684","-48.499946165","-48.409866165"
"(13, 13)","-22.7768484","-22.6867684","-48.409856164999994","-48.319776165"
"(13, 14)","-22.7768484","-22.6867684","-48.319766165","-48.229686165000004"
"(13, 15)","-22.7768484","-22.6867684","-48.229676165","-48.139596165"
"(13, 16)","-22.7768484","-22.6867684","-48.139586165","-48.049506165"
"(13, 17)","-22.7768484","-22.6867684","-48.049496164999994","-47.959416165"
"(13, 18)","-22.7768484","-22.6867684","-47.959406165","-47.869326165000004"
"(13, 19)","-22.7768484","-22.6867684","-47.869316165","-47.779236165"
"(13, 20)","-22.7768484","-22.6867684","-47.779226165","-47.689146165"
"(13, 21)","-22.7768484","-22.6867684","-47.689136164999994","-47.599056165"
"(13, 22)","-22.7768484","-22.6867684","-47.599046165","-47.508966165000004"
"(13, 23)","-22.7768484","-22.6867684","-47.508956165","-47.418876165"
"(13, 24)","-22.7768484","-22.6867684","-47.418866165","-47.328786165"
"(13, 25)","-22.7768484","-22.6867684","-47.328776164999994","-47.238696165"
"(13, 26)","-22.7768484","-22.6867684","-47.238686165","-47.148606165000004"
"(13, 27)","-22.7768484","-22.6867684","-47.148596165","-47.058516165"
"(13, 28)","-22.7768484","-22.6867684","-47.058506165","-46.968426165"
"(13, 29)","-22.7768484","-22.6867684","-46.968416164999994","-46.878336165"
"(13, 30)","-22.7768484","-22.6867684","-46.878326165","-46.788246165000004"
"(13, 31)","-22.7768484","-22.6867684","-46.788236165","-46.698156165"
"(13, 32)","-22.7768484","-22.6867684","-46.698146165","-46.608066165"
"(13, 33)","-22.7768484","-22.6867684","-46.608056164999994","-46.517976165"
"(13, 34)","-22.7768484","-22.6867684","-46.517966165","-46.427886165000004"
"(13, 35)","-22.7768484","-22.6867684","-46.427876165","-46.337796165"
"(13, 36)","-22.7768484","-22.6867684","-46.337786165","-46.247706165"
"(13, 37)","-22.7768484","-22.6867684","-46.247696164999994","-46.157616165"
"(14, 0)","-22.6867584","-22.5966784","-49.581026165","-49.490946165"
"(14, 1)","-22.6867584","-22.5966784","-49.490936164999994","-49.400856165"
"(14, 2)","-22.6867584","-22.5966784","-49.400846165","-49.310766165000004"
"(14, 3)","-22.6867584","-22.5966784","-49.310756165","-49.220676165"
"(14, 4)","-22.6867584","-22.5966784","-49.220666165","-49.130586165"
"(14, 5)","-22.6867584","-22.5966784","-49.130576164999994","-49.040496165"
"(14, 6)","-22.6867584","-22.5966784","-49.040486165","-48.950406165000004"
"(14, 7)","-22.6867584","-22.5966784","-48.950396165","-48.860316165"
"(14, 8)","-22.6867584","-22.5966784","-48.860306165","-48.770226165"
"(14, 9)","-22.6867584","-22.5966784","-48.770216164999994","-48.680136165"
"(14, 10)","-22.6867584","-22.5966784","-48.680126165","-48.590046165000004"
"(14, 11)","-22.6867584","-22.5966784","-48.590036165","-48.499956165"
"(14, 12)","-22.6867584","-22.5966784","-48.499946165","-48.409866165"
"(14, 13)","-22.6867584","-22.5966784","-48.409856164999994","-48.319776165"
"(14, 14)","-22.6867584","-22.5966784","-48.319766165","-48.229686165000004"
"(14, 15)","-22.6867584","-22.5966784","-48.229676165","-48.139596165"
"(14, 16)","-22.6867584","-22.5966784","-48.139586165","-48.049506165"
"(14, 17)","-22.6867584","-22.5966784","-48.049496164999994","-47.959416165"
"(14, 18)","-22.6867584","-22.5966784","-47.959406165","-47.869326165000004"
"(14, 19)","-22.6867584","-22.5966784","-47.869316165","-47.779236165"
"(14, 20)","-22.6867584","-22.5966784","-47.779226165","-47.689146165"
"(14, 21)","-22.6867584","-22.5966784","-47.689136164999994","-47.599056165"
"(14, 22)","-22.6867584","-22.5966784","-47.599046165","-47.508966165000004"
"(14, 23)","-22.6867584","-22.5966784","-47.508956165","-47.418876165"
"(14, 24)","-22.6867584","-22.5966784","-47.418866165","-47.328786165"
"(14, 25)","-22.6867584","-22.5966784","-47.328776164999994","-47.238696165"
"(14, 26)","-22.6867584","-22.5966784","-47.238686165","-47.148606165000004"
"(14, 27)","-22.6867584","-22.5966784","-47.148596165","-47.058516165"
"(14, 28)","-22.6867584","-22.5966784","-47.058506165","-46.968426165"
"(14, 29)","-22.6867584","-22.5966784","-46.968416164999994","-46.878336165"
"(14, 30)","-22.6867584","-22.5966784","-46.878326165","-46.788246165000004"
"(14, 31)","-22.6867584","-22.5966784","-46.788236165","-46.698156165"
"(14, 32)","-22.6867584","-22.5966784","-46.698146165","-46.608066165"
"(14, 33)","-22.6867584","-22.5966784","-46.608056164999994","-46.517976165"
"(14, 34)","-22.6867584","-22.5966784","-46.517966165","-46.427886165000004"
"(14, 35)","-22.6867584","-22.5966784","-46.427876165","-46.337796165"
"(14, 36)","-22.6867584","-22.5966784","-46.337786165","-46.247706165"
"(14, 37)","-22.6867584","-22.5966784","-46.247696164999994","-46.157616165"
"(15, 0)","-22.5966684","-22.5065884","-49.581026165","-49.490946165"
"(15, 1)","-22.5966684","-22.5065884","-49.490936164999994","-49.400856165"
"(15, 2)","-22.5966684","-22.5065884","-49.400846165","-49.310766165000004"
"(15, 3)","-22.5966684","-22.5065884","-49.310756165","-49.220676165"
"(15, 4)","-22.5966684","-22.5065884","-49.220666165","-49.130586165"
"(15, 5)","-22.5966684","-22.5065884","-49.130576164999994","-49.040496165"
"(15, 6)","-22.5966684","-22.5065884","-49.040486165","-48.950406165000004"
"(15, 7)","-22.5966684","-22.5065884","-48.950396165","-48.860316165"
"(15, 8)","-22.5966684","-22.5065884","-48.860306165","-48.770226165"
"(15, 9)","-22.5966684","-22.5065884","-48.770216164999994","-48.680136165"
"(15, 10)","-22.5966684","-22.5065884","-48.680126165","-48.590046165000004"
"(15, 11)","-22.5966684","-22.5065884","-48.590036165","-48.499956165"
"(15, 12)","-22.5966684","-22.5065884","-48.499946165","-48.409866165"
"(15, 13)","-22.5966684","-22.5065884","-48.409856164999994","-48.319776165"
"(15, 14)","-22.5966684","-22.5065884","-48.319766165","-48.229686165000004"
"(15, 15)","-22.5966684","-22.5065884","-48.229676165","-48.139596165"
"(15, 16)","-22.5966684","-22.5065884","-48.139586165","-48.049506165"
"(15, 17)","-22.5966684","-22.5065884","-48.049496164999994","-47.959416165"
"(15, 18)","-22.5966684","-22.5065884","-47.959406165","-47.869326165000004"
"(15, 19)","-22.5966684","-22.5065884","-47.869316165","-47.779236165"
"(15, 20)","-22.5966684","-22.5065884","-47.779226165","-47.689146165"
"(15, 21)","-22.5966684","-22.5065884","-47.689136164999994","-47.599056165"
"(15, 22)","-22.5966684","-22.5065884","-47.599046165","-47.508966165000004"
"(15, 23)","-22.5966684","-22.5065884","-47.508956165","-47.418876165"
"(15, 24)","-22.5966684","-22.5065884","-47.418866165","-47.328786165"
"(15, 25)","-22.5966684","-22.5065884","-47.328776164999994","-47.238696165"
"(15, 26)","-22.5966684","-22.5065884","-47.238686165","-47.148606165000004"
"(15, 27)","-22.5966684","-22.5065884","-47.148596165","-47.058516165"
"(15, 28)","-22.5966684","-22.5065884","-47.058506165","-46.968426165"
"(15, 29)","-22.5966684","-22.5065884","-46.968416164999994","-46.878336165"
"(15, 30)","-22.5966684","-22.5065884","-46.878326165","-46.788246165000004"
"(15, 31)","-22.5966684","-22.5065884","-46.788236165","-46.698156165"
"(15, 32)","-22.5966684","-22.5065884","-46.698146165","-46.608066165"
"(15, 33)","-22.5966684","-22.5065884","-46.608056164999994","-46.517976165"
"(15, 34)","-22.5966684","-22.5065884","-46.517966165","-46.427886165000004"
"(15, 35)","-22.5966684","-22.5065884","-46.427876165","-46.337796165"
"(15, 36)","-22.5966684","-22.5065884","-46.337786165","-46.247706165"
"(15, 37)","-22.5966684","-22.5065884","-46.247696164999994","-46.157616165"
"(16, 0)","-22.5065784","-22.4164984","-49.581026165","-49.490946165"
"(16, 1)","-22.5065784","-22.4164984","-49.490936164999994","-49.400856165"
"(16, 2)","-22.5065784","-22.4164984","-49.400846165","-49.310766165000004"
"(16, 3)","-22.5065784","-22.4164984","-49.310756165","-49.220676165"
"(16, 4)","-22.5065784","-22.4164984","-49.220666165","-49.130586165"
"(16, 5)","-22.5065784","-22.4164984","-49.130576164999994","-49.040496165"
"(16, 6)","-22.5065784","-22.4164984","-49.040486165","-48.950406165000004"
"(16, 7)","-22.5065784","-22.4164984","-48.950396165","-48.860316165"
"(16, 8)","-22.5065784","-22.4164984","-48.860306165","-48.770226165"
"(16, 9)","-22.5065784","-22.4164984","-48.770216164999994","-48.680136165"
"(16, 10)","-22.5065784","-22.4164984","-48.680126165","-48.590046165000004"
"(16, 11)","-22.5065784","-22.4164984","-48.590036165","-48.499956165"
"(16, 12)","-22.5065784","-22.4164984","-48.499946165","-48.409866165"
"(16, 13)","-22.5065784","-22.4164984","-48.409856164999994","-48.319776165"
"(16, 14)","-22.5065784","-22.4164984","-48.319766165","-48.229686165000004"
"(16, 15)","-22.5065784","-22.4164984","-48.229676165","-48.139596165"
"(16, 16)","-22.5065784","-22.4164984","-48.139586165","-48.049506165"
"(16, 17)","-22.5065784","-22.4164984","-48.049496164999994","-47.959416165"
"(16, 18)","-22.5065784","-22.4164984","-47.959406165","-47.869326165000004"
"(16, 19)","-22.5065784","-22.4164984","-47.869316165","-47.779236165"
"(16, 20)","-22.5065784","-22.4164984","-47.779226165","-47.689146165"
"(16, 21)","-22.5065784","-22.4164984","-47.689136164999994","-47.599056165"
"(16, 22)","-22.5065784","-22.4164984","-47.599046165","-47.508966165000004"
"(16, 23)","-22.5065784","-22.4164984","-47.508956165","-47.418876165"
"(16, 24)","-22.5065784","-22.4164984","-47.418866165","-47.328786165"
"(16, 25)","-22.5065784","-22.4164984","-47.328776164999994","-47.238696165"
"(16, 26)","-22.5065784","-22.4164984","-47.238686165","-47.148606165000004"
"(16, 27)","-22.5065784","-22.4164984","-47.148596165","-47.058516165"
"(16, 28)","-22.5065784","-22.4164984","-47.058506165","-46.968426165"
"(16, 29)","-22.5065784","-22.4164984","-46.968416164999994","-46.878336165"
"(16, 30)","-22.5065784","-22.4164984","-46.878326165","-46.788246165000004"
"(16, 31)","-22.5065784","-22.4164984","-46.788236165","-46.698156165"
"(16, 32)","-22.5065784","-22.4164984","-46.698146165","-46.608066165"
"(16, 33)","-22.5065784","-22.4164984","-46.608056164999994","-46.517976165"
"(16, 34)","-22.5065784","-22.4164984","-46.517966165","-46.427886165000004"
"(16, 35)","-22.5065784","-22.4164984","-46.427876165","-46.337796165"
"(16, 36)","-22.5065784","-22.4164984","-46.337786165","-46.247706165"
"(16, 37)","-22.5065784","-22.4164984","-46.247696164999994","-46.157616165"
"(17, 0)","-22.4164884","-22.3264084","-49.581026165","-49.490946165"
"(17, 1)","-22.4164884","-22.3264084","-49.490936164999994","-49.400856165"
"(17, 2)","-22.4164884","-22.3264084","-49.400846165","-49.310766165000004"
"(17, 3)","-22.4164884","-22.3264084","-49.310756165","-49.220676165"
"(17, 4)","-22.4164884","-22.3264084","-49.220666165","-49.130586165"
"(17, 5)","-22.4164884","-22.3264084","-49.130576164999994","-49.040496165"
"(17, 6)","-22.4164884","-22.3264084","-49.040486165","-48.950406165000004"
"(17, 7)","-22.4164884","-22.3264084","-48.950396165","-48.860316165"
"(17, 8)","-22.4164884","-22.3264084","-48.860306165","-48.770226165"
"(17, 9)","-22.4164884","-22.3264084","-48.770216164999994","-48.680136165"
"(17, 10)","-22.4164884","-22.3264084","-48.680126165","-48.590046165000004"
"(17, 11)","-22.4164884","-22.3264084","-48.590036165","-48.499956165"
"(17, 12)","-22.4164884","-22.3264084","-48.499946165","-48.409866165"
"(17, 13)","-22.4164884","-22.3264084","-48.409856164999994","-48.319776165"
"(17, 14)","-22.4164884","-22.3264084","-48.319766165","-48.229686165000004"
"(17, 15)","-22.4164884","-22.3264084","-48.229676165","-48.139596165"
"(17, 16)","-22.4164884","-22.3264084","-48.139586165","-48.049506165"
"(17, 17)","-22.4164884","-22.3264084","-48.049496164999994","-47.959416165"
"(17, 18)","-22.4164884","-22.3264084","-47.959406165","-47.869326165000004"
"(17, 19)","-22.4164884","-22.3264084","-47.869316165","-47.779236165"
"(17, 20)","-22.4164884","-22.3264084","-47.779226165","-47.689146165"
"(17, 21)","-22.4164884","-22.3264084","-47.689136164999994","-47.599056165"
"(17, 22)","-22.4164884","-22.3264084","-47.599046165","-47.508966165000004"
"(17, 23)","-22.4164884","-22.3264084","-47.508956165","-47.418876165"
"(17, 24)","-22.4164884","-22.3264084","-47.418866165","-47.328786165"
"(17, 25)","-22.4164884","-22.3264084","-47.328776164999994","-47.238696165"
"(17, 26)","-22.4164884","-22.3264084","-47.238686165","-47.148606165000004"
"(17, 27)","-22.4164884","-22.3264084","-47.148596165","-47.058516165"
"(17, 28)","-22.4164884","-22.3264084","-47.058506165","-46.968426165"
"(17, 29)","-22.4164884","-22.3264084","-46.968416164999994","-46.878336165"
"(17, 30)","-22.4164884","-22.3264084","-46.878326165","-46.788246165000004"
"(17, 31)","-22.4164884","-22.3264084","-46.788236165","-46.698156165"
"(17, 32)","-22.4164884","-22.3264084","-46.698146165","-46.608066165"
"(17, 33)","-22.4164884","-22.3264084","-46.608056164999994","-46.517976165"
"(17, 34)","-22.4164884","-22.3264084","-46.517966165","-46.427886165000004"
"(17, 35)","-22.4164884","-22.3264084","-46.427876165","-46.337796165"
"(17, 36)","-22.4164884","-22.3264084","-46.337786165","-46.247706165"
"(17, 37)","-22.4164884","-22.3264084","-46.247696164999994","-46.157616165"
"(18, 0)","-22.3263984","-22.2363184","-49.581026165","-49.490946165"
"(18, 1)","-22.3263984","-22.2363184","-49.490936164999994","-49.400856165"
"(18, 2)","-22.3263984","-22.2363184","-49.400846165","-49.310766165000004"
"(18, 3)","-22.3263984","-22.2363184","-49.310756165","-49.220676165"
"(18, 4)","-22.3263984","-22.2363184","-49.220666165","-49.130586165"
"(18, 5)","-22.3263984","-22.2363184","-49.130576164999994","-49.040496165"
"(18, 6)","-22.3263984","-22.2363184","-49.040486165","-48.950406165000004"
"(18, 7)","-22.3263984","-22.2363184","-48.950396165","-48.860316165"
"(18, 8)","-22.3263984","-22.2363184","-48.860306165","-48.770226165"
"(18, 9)","-22.3263984","-22.2363184","-48.770216164999994","-48.680136165"
"(18, 10)","-22.3263984","-22.2363184","-48.680126165","-48.590046165000004"
"(18, 11)","-22.3263984","-22.2363184","-48.590036165","-48.499956165"
"(18, 12)","-22.3263984","-22.2363184","-48.499946165","-48.409866165"
"(18, 13)","-22.3263984","-22.2363184","-48.409856164999994","-48.319776165"
"(18, 14)","-22.3263984","-22.2363184","-48.319766165","-48.229686165000004"
"(18, 15)","-22.3263984","-22.2363184","-48.229676165","-48.139596165"
"(18, 16)","-22.3263984","-22.2363184","-48.139586165","-48.049506165"
"(18, 17)","-22.3263984","-22.2363184","-48.049496164999994","-47.959416165"
"(18, 18)","-22.3263984","-22.2363184","-47.959406165","-47.869326165000004"
"(18, 19)","-22.3263984","-22.2363184","-47.869316165","-47.779236165"
"(18, 20)","-22.3263984","-22.2363184","-47.779226165","-47.689146165"
"(18, 21)","-22.3263984","-22.2363184","-47.689136164999994","-47.599056165"
"(18, 22)","-22.3263984","-22.2363184","-47.599046165","-47.508966165000004"
"(18, 23)","-22.3263984","-22.2363184","-47.508956165","-47.418876165"
"(18, 24)","-22.3263984","-22.2363184","-47.418866165","-47.328786165"
"(18, 25)","-22.3263984","-22.2363184","-47.328776164999994","-47.238696165"
"(18, 26)","-22.3263984","-22.2363184","-47.238686165","-47.148606165000004"
"(18, 27)","-22.3263984","-22.2363184","-47.148596165","-47.058516165"
"(18, 28)","-22.3263984","-22.2363184","-47.058506165","-46.968426165"
"(18, 29)","-22.3263984","-22.2363184","-46.968416164999994","-46.878336165"
"(18, 30)","-22.3263984","-22.2363184","-46.878326165","-46.788246165000004"
"(18, 31)","-22.3263984","-22.2363184","-46.788236165","-46.698156165"
"(18, 32)","-22.3263984","-22.2363184","-46.698146165","-46.608066165"
"(18, 33)","-22.3263984","-22.2363184","-46.608056164999994","-46.517976165"
"(18, 34)","-22.3263984","-22.2363184","-46.517966165","-46.427886165000004"
"(18, 35)","-22.3263984","-22.2363184","-46.427876165","-46.337796165"
"(18, 36)","-22.3263984","-22.2363184","-46.337786165","-46.247706165"
"(18, 37)","-22.3263984","-22.2363184","-46.247696164999994","-46.157616165"
"(19, 0)","-22.2363084","-22.1462284","-49.581026165","-49.490946165"
"(19, 1)","-22.2363084","-22.1462284","-49.490936164999994","-49.400856165"
"(19, 2)","-22.2363084","-22.1462284","-49.400846165","-49.310766165000004"
"(19, 3)","-22.2363084","-22.1462284","-49.310756165","-49.220676165"
"(19, 4)","-22.2363084","-22.1462284","-49.220666165","-49.130586165"
"(19, 5)","-22.2363084","-22.1462284","-49.130576164999994","-49.040496165"
"(19, 6)","-22.2363084","-22.1462284","-49.040486165","-48.950406165000004"
"(19, 7)","-22.2363084","-22.1462284","-48.950396165","-48.860316165"
"(19, 8)","-22.2363084","-22.1462284","-48.860306165","-48.770226165"
"(19, 9)","-22.2363084","-22.1462284","-48.770216164999994","-48.680136165"
"(19, 10)","-22.2363084","-22.1462284","-48.680126165","-48.590046165000004"
"(19, 11)","-22.2363084","-22.1462284","-48.590036165","-48.499956165"
"(19, 12)","-22.2363084","-22.1462284","-48.499946165","-48.409866165"
"(19, 13)","-22.2363084","-22.1462284","-48.409856164999994","-48.319776165"
"(19, 14)","-22.2363084","-22.1462284","-48.319766165","-48.229686165000004"
"(19, 15)","-22.2363084","-22.1462284","-48.229676165","-48.139596165"
"(19, 16)","-22.2363084","-22.1462284","-48.139586165","-48.049506165"
"(19, 17)","-22.2363084","-22.1462284","-48.049496164999994","-47.959416165"
"(19, 18)","-22.2363084","-22.1462284","-47.959406165","-47.869326165000004"
"(19, 19)","-22.2363084","-22.1462284","-47.869316165","-47.779236165"
"(19, 20)","-22.2363084","-22.1462284","-47.779226165","-47.689146165"
"(19, 21)","-22.2363084","-22.1462284","-47.689136164999994","-47.599056165"
"(19, 22)","-22.2363084","-22.1462284","-47.599046165","-47.508966165000004"
"(19, 23)","-22.2363084","-22.1462284","-47.508956165","-47.418876165"
"(19, 24)","-22.2363084","-22.1462284","-47.418866165","-47.328786165"
"(19, 25)","-22.2363084","-22.1462284","-47.328776164999994","-47.238696165"
"(19, 26)","-22.2363084","-22.1462284","-47.238686165","-47.148606165000004"
"(19, 27)","-22.2363084","-22.1462284","-47.148596165","-47.058516165"
"(19, 28)","-22.2363084","-22.1462284","-47.058506165","-46.968426165"
"(19, 29)","-22.2363084","-22.1462284","-46.968416164999994","-46.878336165"
"(19, 30)","-22.2363084","-22.1462284","-46.878326165","-46.788246165000004"
"(19, 31)","-22.2363084","-22.1462284","-46.788236165","-46.698156165"
"(19, 32)","-22.2363084","-22.1462284","-46.698146165","-46.608066165"
"(19, 33)","-22.2363084","-22.1462284","-46.608056164999994","-46.517976165"
"(19, 34)","-22.2363084","-22.1462284","-46.517966165","-46.427886165000004"
"(19, 35)","-22.2363084","-22.1462284","-46.427876165","-46.337796165"
"(19, 36)","-22.2363084","-22.1462284","-46.337786165","-46.247706165"
"(19, 37)","-22.2363084","-22.1462284","-46.247696164999994","-46.157616165"
"(20, 0)","-22.1462184","-22.0561384","-49.581026165","-49.490946165"
"(20, 1)","-22.1462184","-22.0561384","-49.490936164999994","-49.400856165"
"(20, 2)","-22.1462184","-22.0561384","-49.400846165","-49.310766165000004"
"(20, 3)","-22.1462184","-22.0561384","-49.310756165","-49.220676165"
"(20, 4)","-22.1462184","-22.0561384","-49.220666165","-49.130586165"
"(20, 5)","-22.1462184","-22.0561384","-49.130576164999994","-49.040496165"
"(20, 6)","-22.1462184","-22.0561384","-49.040486165","-48.950406165000004"
"(20, 7)","-22.1462184","-22.0561384","-48.950396165","-48.860316165"
"(20, 8)","-22.1462184","-22.0561384","-48.860306165","-48.770226165"
"(20, 9)","-22.1462184","-22.0561384","-48.770216164999994","-48.680136165"
"(20, 10)","-22.1462184","-22.0561384","-48.680126165","-48.590046165000004"
"(20, 11)","-22.1462184","-22.0561384","-48.590036165","-48.499956165"
"(20, 12)","-22.1462184","-22.0561384","-48.499946165","-48.409866165"
"(20, 13)","-22.1462184","-22.0561384","-48.409856164999994","-48.319776165"
"(20, 14)","-22.1462184","-22.0561384","-48.319766165","-48.229686165000004"
"(20, 15)","-22.1462184","-22.0561384","-48.229676165","-48.139596165"
"(20, 16)","-22.1462184","-22.0561384","-48.139586165","-48.049506165"
"(20, 17)","-22.1462184","-22.0561384","-48.049496164999994","-47.959416165"
"(20, 18)","-22.1462184","-22.0561384","-47.959406165","-47.869326165000004"
"(20, 19)","-22.1462184","-22.0561384","-47.869316165","-47.779236165"
"(20, 20)","-22.1462184","-22.0561384","-47.779226165","-47.689146165"
"(20, 21)","-22.1462184","-22.0561384","-47.689136164999994","-47.599056165"
"(20, 22)","-22.1462184","-22.0561384","-47.599046165","-47.508966165000004"
"(20, 23)","-22.1462184","-22.0561384","-47.508956165","-47.418876165"
"(20, 24)","-22.1462184","-22.0561384","-47.418866165","-47.328786165"
"(20, 25)","-22.1462184","-22.0561384","-47.328776164999994","-47.238696165"
"(20, 26)","-22.1462184","-22.0561384","-47.238686165","-47.148606165000004"
"(20, 27)","-22.1462184","-22.0561384","-47.148596165","-47.058516165"
"(20, 28)","-22.1462184","-22.0561384","-47.058506165","-46.968426165"
"(20, 29)","-22.1462184","-22.0561384","-46.968416164999994","-46.878336165"
"(20, 30)","-22.1462184","-22.0561384","-46.878326165","-46.788246165000004"
"(20, 31)","-22.1462184","-22.0561384","-46.788236165","-46.698156165"
"(20, 32)","-22.1462184","-22.0561384","-46.698146165","-46.608066165"
"(20, 33)","-22.1462184","-22.0561384","-46.608056164999994","-46.517976165"
"(20, 34)","-22.1462184","-22.0561384","-46.517966165","-46.427886165000004"
"(20, 35)","-22.1462184","-22.0561384","-46.427876165","-46.337796165"
"(20, 36)","-22.1462184","-22.0561384","-46.337786165","-46.247706165"
"(20, 37)","-22.1462184","-22.0561384","-46.247696164999994","-46.157616165"
"(21, 0)","-22.0561284","-21.9660484","-49.581026165","-49.490946165"
"(21, 1)","-22.0561284","-21.9660484","-49.490936164999994","-49.400856165"
"(21, 2)","-22.0561284","-21.9660484","-49.400846165","-49.310766165000004"
"(21, 3)","-22.0561284","-21.9660484","-49.310756165","-49.220676165"
"(21, 4)","-22.0561284","-21.9660484","-49.220666165","-49.130586165"
"(21, 5)","-22.0561284","-21.9660484","-49.130576164999994","-49.040496165"
"(21, 6)","-22.0561284","-21.9660484","-49.040486165","-48.950406165000004"
"(21, 7)","-22.0561284","-21.9660484","-48.950396165","-48.860316165"
"(21, 8)","-22.0561284","-21.9660484","-48.860306165","-48.770226165"
"(21, 9)","-22.0561284","-21.9660484","-48.770216164999994","-48.680136165"
"(21, 10)","-22.0561284","-21.9660484","-48.680126165","-48.590046165000004"
"(21, 11)","-22.0561284","-21.9660484","-48.590036165","-48.499956165"
"(21, 12)","-22.0561284","-21.9660484","-48.499946165","-48.409866165"
"(21, 13)","-22.0561284","-21.9660484","-48.409856164999994","-48.319776165"
"(21, 14)","-22.0561284","-21.9660484","-48.319766165","-48.229686165000004"
"(21, 15)","-22.0561284","-21.9660484","-48.229676165","-48.139596165"
"(21, 16)","-22.0561284","-21.9660484","-48.139586165","-48.049506165"
"(21, 17)","-22.0561284","-21.9660484","-48.049496164999994","-47.959416165"
"(21, 18)","-22.0561284","-21.9660484","-47.959406165","-47.869326165000004"
"(21, 19)","-22.0561284","-21.9660484","-47.869316165","-47.779236165"
"(21, 20)","-22.0561284","-21.9660484","-47.779226165","-47.689146165"
"(21, 21)","-22.0561284","-21.9660484","-47.689136164999994","-47.599056165"
"(21, 22)","-22.0561284","-21.9660484","-47.599046165","-47.508966165000004"
"(21, 23)","-22.0561284","-21.9660484","-47.508956165","-47.418876165"
"(21, 24)","-22.0561284","-21.9660484","-47.418866165","-47.328786165"
"(21, 25)","-22.0561284","-21.9660484","-47.328776164999994","-47.238696165"
"(21, 26)","-22.0561284","-21.9660484","-47.238686165","-47.148606165000004"
"(21, 27)","-22.0561284","-21.9660484","-47.148596165","-47.058516165"
"(21, 28)","-22.0561284","-21.9660484","-47.058506165","-46.968426165"
"(21, 29)","-22.0561284","-21.9660484","-46.968416164999994","-46.878336165"
"(21, 30)","-22.0561284","-21.9660484","-46.878326165","-46.788246165000004"
"(21, 31)","-22.0561284","-21.9660484","-46.788236165","-46.698156165"
"(21, 32)","-22.0561284","-21.9660484","-46.698146165","-46.608066165"
"(21, 33)","-22.0561284","-21.9660484","-46.608056164999994","-46.517976165"
"(21, 34)","-22.0561284","-21.9660484","-46.517966165","-46.427886165000004"
"(21, 35)","-22.0561284","-21.9660484","-46.427876165","-46.337796165"
"(21, 36)","-22.0561284","-21.9660484","-46.337786165","-46.247706165"
"(21, 37)","-22.0561284","-21.9660484","-46.247696164999994","-46.157616165"
"(22, 0)","-21.9660384","-21.8759584","-49.581026165","-49.490946165"
"(22, 1)","-21.9660384","-21.8759584","-49.490936164999994","-49.400856165"
"(22, 2)","-21.9660384","-21.8759584","-49.400846165","-49.310766165000004"
"(22, 3)","-21.9660384","-21.8759584","-49.310756165","-49.220676165"
"(22, 4)","-21.9660384","-21.8759584","-49.220666165","-49.130586165"
"(22, 5)","-21.9660384","-21.8759584","-49.130576164999994","-49.040496165"
"(22, 6)","-21.9660384","-21.8759584","-49.040486165","-48.950406165000004"
"(22, 7)","-21.9660384","-21.8759584","-48.950396165","-48.860316165"
"(22, 8)","-21.9660384","-21.8759584","-48.860306165","-48.770226165"
"(22, 9)","-21.9660384","-21.8759584","-48.770216164999994","-48.680136165"
"(22, 10)","-21.9660384","-21.8759584","-48.680126165","-48.590046165000004"
"(22, 11)","-21.9660384","-21.8759584","-48.590036165","-48.499956165"
"(22, 12)","-21.9660384","-21.8759584","-48.499946165","-48.409866165"
"(22, 13)","-21.9660384","-21.8759584","-48.409856164999994","-48.319776165"
"(22, 14)","-21.9660384","-21.8759584","-48.319766165","-48.229686165000004"
"(22, 15)","-21.9660384","-21.8759584","-48.229676165","-48.139596165"
"(22, 16)","-21.9660384","-21.8759584","-48.139586165","-48.049506165"
"(22, 17)","-21.9660384","-21.8759584","-48.049496164999994","-47.959416165"
"(22, 18)","-21.9660384","-21.8759584","-47.959406165","-47.869326165000004"
"(22, 19)","-21.9660384","-21.8759584","-47.869316165","-47.779236165"
"(22, 20)","-21.9660384","-21.8759584","-47.779226165","-47.689146165"
"(22, 21)","-21.9660384","-21.8759584","-47.689136164999994","-47.599056165"
"(22, 22)","-21.9660384","-21.8759584","-47.599046165","-47.508966165000004"
"(22, 23)","-21.9660384","-21.8759584","-47.508956165","-47.418876165"
"(22, 24)","-21.9660384","-21.8759584","-47.418866165","-47.328786165"
"(22, 25)","-21.9660384","-21.8759584","-47.328776164999994","-47.238696165"
"(22, 26)","-21.9660384","-21.8759584","-47.238686165","-47.148606165000004"
"(22, 27)","-21.9660384","-21.8759584","-47.148596165","-47.058516165"
"(22, 28)","-21.9660384","-21.8759584","-47.058506165","-46.968426165"
"(22, 29)","-21.9660384","-21.8759584","-46.968416164999994","-46.878336165"
"(22, 30)","-21.9660384","-21.8759584","-46.878326165","-46.788246165000004"
"(22, 31)","-21.9660384","-21.8759584","-46.788236165","-46.698156165"
"(22, 32)","-21.9660384","-21.8759584","-46.698146165","-46.608066165"
"(22, 33)","-21.9660384","-21.8759584","-46.608056164999994","-46.517976165"
"(22, 34)","-21.9660384","-21.8759584","-46.517966165","-46.427886165000004"
"(22, 35)","-21.9660384","-21.8759584","-46.427876165","-46.337796165"
"(22, 36)","-21.9660384","-21.8759584","-46.337786165","-46.247706165"
"(22, 37)","-21.9660384","-21.8759584","-46.247696164999994","-46.157616165"
"(23, 0)","-21.8759484","-21.7858684","-49.581026165","-49.490946165"
"(23, 1)","-21.8759484","-21.7858684","-49.490936164999994","-49.400856165"
"(23, 2)","-21.8759484","-21.7858684","-49.400846165","-49.310766165000004"
"(23, 3)","-21.8759484","-21.7858684","-49.310756165","-49.220676165"
"(23, 4)","-21.8759484","-21.7858684","-49.220666165","-49.130586165"
"(23, 5)","-21.8759484","-21.7858684","-49.130576164999994","-49.040496165"
"(23, 6)","-21.8759484","-21.7858684","-49.040486165","-48.950406165000004"
"(23, 7)","-21.8759484","-21.7858684","-48.950396165","-48.860316165"
"(23, 8)","-21.8759484","-21.7858684","-48.860306165","-48.770226165"
"(23, 9)","-21.8759484","-21.7858684","-48.770216164999994","-48.680136165"
"(23, 10)","-21.8759484","-21.7858684","-48.680126165","-48.590046165000004"
"(23, 11)","-21.8759484","-21.7858684","-48.590036165","-48.499956165"
"(23, 12)","-21.8759484","-21.7858684","-48.499946165","-48.409866165"
"(23, 13)","-21.8759484","-21.7858684","-48.409856164999994","-48.319776165"
"(23, 14)","-21.8759484","-21.7858684","-48.319766165","-48.229686165000004"
"(23, 15)","-21.8759484","-21.7858684","-48.229676165","-48.139596165"
"(23, 16)","-21.8759484","-21.7858684","-48.139586165","-48.049506165"
"(23, 17)","-21.8759484","-21.7858684","-48.049496164999994","-47.959416165"
"(23, 18)","-21.8759484","-21.7858684","-47.959406165","-47.869326165000004"
"(23, 19)","-21.8759484","-21.7858684","-47.869316165","-47.779236165"
"(23, 20)","-21.8759484","-21.7858684","-47.779226165","-47.689146165"
"(23, 21)","-21.8759484","-21.7858684","-47.689136164999994","-47.599056165"
"(23, 22)","-21.8759484","-21.7858684","-47.599046165","-47.508966165000004"
"(23, 23)","-21.8759484","-21.7858684","-47.508956165","-47.418876165"
"(23, 24)","-21.8759484","-21.7858684","-47.418866165","-47.328786165"
"(23, 25)","-21.8759484","-21.7858684","-47.328776164999994","-47.238696165"
"(23, 26)","-21.8759484","-21.7858684","-47.238686165","-47.148606165000004"
"(23, 27)","-21.8759484","-21.7858684","-47.148596165","-47.058516165"
"(23, 28)","-21.8759484","-21.7858684","-47.058506165","-46.968426165"
"(23, 29)","-21.8759484","-21.7858684","-46.968416164999994","-46.878336165"
"(23, 30)","-21.8759484","-21.7858684","-46.878326165","-46.788246165000004"
"(23, 31)","-21.8759484","-21.7858684","-46.788236165","-46.698156165"
"(23, 32)","-21.8759484","-21.7858684","-46.698146165","-46.608066165"
"(23, 33)","-21.8759484","-21.7858684","-46.608056164999994","-46.517976165"
"(23, 34)","-21.8759484","-21.7858684","-46.517966165","-46.427886165000004"
"(23, 35)","-21.8759484","-21.7858684","-46.427876165","-46.337796165"
"(23, 36)","-21.8759484","-21.7858684","-46.337786165","-46.247706165"
"(23, 37)","-21.8759484","-21.7858684","-46.247696164999994","-46.157616165"
"(24, 0)","-21.7858584","-21.6957784","-49.581026165","-49.490946165"
"(24, 1)","-21.7858584","-21.6957784","-49.490936164999994","-49.400856165"
"(24, 2)","-21.7858584","-21.6957784","-49.400846165","-49.310766165000004"
"(24, 3)","-21.7858584","-21.6957784","-49.310756165","-49.220676165"
"(24, 4)","-21.7858584","-21.6957784","-49.220666165","-49.130586165"
"(24, 5)","-21.7858584","-21.6957784","-49.130576164999994","-49.040496165"
"(24, 6)","-21.7858584","-21.6957784","-49.040486165","-48.950406165000004"
"(24, 7)","-21.7858584","-21.6957784","-48.950396165","-48.860316165"
"(24, 8)","-21.7858584","-21.6957784","-48.860306165","-48.770226165"
"(24, 9)","-21.7858584","-21.6957784","-48.770216164999994","-48.680136165"
"(24, 10)","-21.7858584","-21.6957784","-48.680126165","-48.590046165000004"
"(24, 11)","-21.7858584","-21.6957784","-48.590036165","-48.499956165"
"(24, 12)","-21.7858584","-21.6957784","-48.499946165","-48.409866165"
"(24, 13)","-21.7858584","-21.6957784","-48.409856164999994","-48.319776165"
"(24, 14)","-21.7858584","-21.6957784","-48.319766165","-48.229686165000004"
"(24, 15)","-21.7858584","-21.6957784","-48.229676165","-48.139596165"
"(24, 16)","-21.7858584","-21.6957784","-48.139586165","-48.049506165"
"(24, 17)","-21.7858584","-21.6957784","-48.049496164999994","-47.959416165"
"(24, 18)","-21.7858584","-21.6957784","-47.959406165","-47.869326165000004"
"(24, 19)","-21.7858584","-21.6957784","-47.869316165","-47.779236165"
"(24, 20)","-21.7858584","-21.6957784","-47.779226165","-47.689146165"
"(24, 21)","-21.7858584","-21.6957784","-47.689136164999994","-47.599056165"
"(24, 22)","-21.7858584","-21.6957784","-47.599046165","-47.508966165000004"
"(24, 23)","-21.7858584","-21.6957784","-47.508956165","-47.418876165"
"(24, 24)","-21.7858584","-21.6957784","-47.418866165","-47.328786165"
"(24, 25)","-21.7858584","-21.6957784","-47.328776164999994","-47.238696165"
"(24, 26)","-21.7858584","-21.6957784","-47.238686165","-47.148606165000004"
"(24, 27)","-21.7858584","-21.6957784","-47.148596165","-47.058516165"
"(24, 28)","-21.7858584","-21.6957784","-47.058506165","-46.968426165"
"(24, 29)","-21.7858584","-21.6957784","-46.968416164999994","-46.878336165"
"(24, 30)","-21.7858584","-21.6957784","-46.878326165","-46.788246165000004"
"(24, 31)","-21.7858584","-21.6957784","-46.788236165","-46.698156165"
"(24, 32)","-21.7858584","-21.6957784","-46.698146165","-46.608066165"
"(24, 33)","-21.7858584","-21.6957784","-46.608056164999994","-46.517976165"
"(24, 34)","-21.7858584","-21.6957784","-46.517966165","-46.427886165000004"
"(24, 35)","-21.7858584","-21.6957784","-46.427876165","-46.337796165"
"(24, 36)","-21.7858584","-21.6957784","-46.337786165","-46.247706165"
"(24, 37)","-21.7858584","-21.6957784","-46.247696164999994","-46.157616165"
"(25, 0)","-21.6957684","-21.6056884","-49.581026165","-49.490946165"
"(25, 1)","-21.6957684","-21.6056884","-49.490936164999994","-49.400856165"
"(25, 2)","-21.6957684","-21.6056884","-49.400846165","-49.310766165000004"
"(25, 3)","-21.6957684","-21.6056884","-49.310756165","-49.220676165"
"(25, 4)","-21.6957684","-21.6056884","-49.220666165","-49.130586165"
"(25, 5)","-21.6957684","-21.6056884","-49.130576164999994","-49.040496165"
"(25, 6)","-21.6957684","-21.6056884","-49.040486165","-48.950406165000004"
"(25, 7)","-21.6957684","-21.6056884","-48.950396165","-48.860316165"
"(25, 8)","-21.6957684","-21.6056884","-48.860306165","-48.770226165"
"(25, 9)","-21.6957684","-21.6056884","-48.770216164999994","-48.680136165"
"(25, 10)","-21.6957684","-21.6056884","-48.680126165","-48.590046165000004"
"(25, 11)","-21.6957684","-21.6056884","-48.590036165","-48.499956165"
"(25, 12)","-21.6957684","-21.6056884","-48.499946165","-48.409866165"
"(25, 13)","-21.6957684","-21.6056884","-48.409856164999994","-48.319776165"
"(25, 14)","-21.6957684","-21.6056884","-48.319766165","-48.229686165000004"
"(25, 15)","-21.6957684","-21.6056884","-48.229676165","-48.139596165"
"(25, 16)","-21.6957684","-21.6056884","-48.139586165","-48.049506165"
"(25, 17)","-21.6957684","-21.6056884","-48.049496164999994","-47.959416165"
"(25, 18)","-21.6957684","-21.6056884","-47.959406165","-47.869326165000004"
"(25, 19)","-21.6957684","-21.6056884","-47.869316165","-47.779236165"
"(25, 20)","-21.6957684","-21.6056884","-47.779226165","-47.689146165"
"(25, 21)","-21.6957684","-21.6056884","-47.689136164999994","-47.599056165"
"(25, 22)","-21.6957684","-21.6056884","-47.599046165","-47.508966165000004"
"(25, 23)","-21.6957684","-21.6056884","-47.508956165","-47.418876165"
"(25, 24)","-21.6957684","-21.6056884","-47.418866165","-47.328786165"
"(25, 25)","-21.6957684","-21.6056884","-47.328776164999994","-47.238696165"
"(25, 26)","-21.6957684","-21.6056884","-47.238686165","-47.148606165000004"
"(25, 27)","-21.6957684","-21.6056884","-47.148596165","-47.058516165"
"(25, 28)","-21.6957684","-21.6056884","-47.058506165","-46.968426165"
"(25, 29)","-21.6957684","-21.6056884","-46.968416164999994","-46.878336165"
"(25, 30)","-21.6957684","-21.6056884","-46.878326165","-46.788246165000004"
"(25, 31)","-21.6957684","-21.6056884","-46.788236165","-46.698156165"
"(25, 32)","-21.6957684","-21.6056884","-46.698146165","-46.608066165"
"(25, 33)","-21.6957684","-21.6056884","-46.608056164999994","-46.517976165"
"(25, 34)","-21.6957684","-21.6056884","-46.517966165","-46.427886165000004"
"(25, 35)","-21.6957684","-21.6056884","-46.427876165","-46.337796165"
"(25, 36)","-21.6957684","-21.6056884","-46.337786165","-46.247706165"
"(25, 37)","-21.6957684","-21.6056884","-46.247696164999994","-46.157616165"
"(26, 0)","-21.6056784","-21.5155984","-49.581026165","-49.490946165"
"(26, 1)","-21.6056784","-21.5155984","-49.490936164999994","-49.400856165"
"(26, 2)","-21.6056784","-21.5155984","-49.400846165","-49.310766165000004"
"(26, 3)","-21.6056784","-21.5155984","-49.310756165","-49.220676165"
"(26, 4)","-21.6056784","-21.5155984","-49.220666165","-49.130586165"
"(26, 5)","-21.6056784","-21.5155984","-49.130576164999994","-49.040496165"
"(26, 6)","-21.6056784","-21.5155984","-49.040486165","-48.950406165000004"
"(26, 7)","-21.6056784","-21.5155984","-48.950396165","-48.860316165"
"(26, 8)","-21.6056784","-21.5155984","-48.860306165","-48.770226165"
"(26, 9)","-21.6056784","-21.5155984","-48.770216164999994","-48.680136165"
"(26, 10)","-21.6056784","-21.5155984","-48.680126165","-48.590046165000004"
"(26, 11)","-21.6056784","-21.5155984","-48.590036165","-48.499956165"
"(26, 12)","-21.6056784","-21.5155984","-48.499946165","-48.409866165"
"(26, 13)","-21.6056784","-21.5155984","-48.409856164999994","-48.319776165"
"(26, 14)","-21.6056784","-21.5155984","-48.319766165","-48.229686165000004"
"(26, 15)","-21.6056784","-21.5155984","-48.229676165","-48.139596165"
"(26, 16)","-21.6056784","-21.5155984","-48.139586165","-48.049506165"
"(26, 17)","-21.6056784","-21.5155984","-48.049496164999994","-47.959416165"
"(26, 18)","-21.6056784","-21.5155984","-47.959406165","-47.869326165000004"
"(26, 19)","-21.6056784","-21.5155984","-47.869316165","-47.779236165"
"(26, 20)","-21.6056784","-21.5155984","-47.779226165","-47.689146165"
"(26, 21)","-21.6056784","-21.5155984","-47.689136164999994","-47.599056165"
"(26, 22)","-21.6056784","-21.5155984","-47.599046165","-47.508966165000004"
"(26, 23)","-21.6056784","-21.5155984","-47.508956165","-47.418876165"
"(26, 24)","-21.6056784","-21.5155984","-47.418866165","-47.328786165"
"(26, 25)","-21.6056784","-21.5155984","-47.328776164999994","-47.238696165"
"(26, 26)","-21.6056784","-21.5155984","-47.238686165","-47.148606165000004"
"(26, 27)","-21.6056784","-21.5155984","-47.148596165","-47.058516165"
"(26, 28)","-21.6056784","-21.5155984","-47.058506165","-46.968426165"
"(26, 29)","-21.6056784","-21.5155984","-46.968416164999994","-46.878336165"
"(26, 30)","-21.6056784","-21.5155984","-46.878326165","-46.788246165000004"
"(26, 31)","-21.6056784","-21.5155984","-46.788236165","-46.698156165"
"(26, 32)","-21.6056784","-21.5155984","-46.698146165","-46.608066165"
"(26, 33)","-21.6056784","-21.5155984","-46.608056164999994","-46.517976165"
"(26, 34)","-21.6056784","-21.5155984","-46.517966165","-46.427886165000004"
"(26, 35)","-21.6056784","-21.5155984","-46.427876165","-46.337796165"
"(26, 36)","-21.6056784","-21.5155984","-46.337786165","-46.247706165"
"(26, 37)","-21.6056784","-21.5155984","-46.247696164999994","-46.157616165"
"(27, 0)","-21.5155884","-21.4255084","-49.581026165","-49.490946165"
"(27, 1)","-21.5155884","-21.4255084","-49.490936164999994","-49.400856165"
"(27, 2)","-21.5155884","-21.4255084","-49.400846165","-49.310766165000004"
"(27, 3)","-21.5155884","-21.4255084","-49.310756165","-49.220676165"
"(27, 4)","-21.5155884","-21.4255084","-49.220666165","-49.130586165"
"(27, 5)","-21.5155884","-21.4255084","-49.130576164999994","-49.040496165"
"(27, 6)","-21.5155884","-21.4255084","-49.040486165","-48.950406165000004"
"(27, 7)","-21.5155884","-21.4255084","-48.950396165","-48.860316165"
"(27, 8)","-21.5155884","-21.4255084","-48.860306165","-48.770226165"
"(27, 9)","-21.5155884","-21.4255084","-48.770216164999994","-48.680136165"
"(27, 10)","-21.5155884","-21.4255084","-48.680126165","-48.590046165000004"
"(27, 11)","-21.5155884","-21.4255084","-48.590036165","-48.499956165"
"(27, 12)","-21.5155884","-21.4255084","-48.499946165","-48.409866165"
"(27, 13)","-21.5155884","-21.4255084","-48.409856164999994","-48.319776165"
"(27, 14)","-21.5155884","-21.4255084","-48.319766165","-48.229686165000004"
"(27, 15)","-21.5155884","-21.4255084","-48.229676165","-48.139596165"
"(27, 16)","-21.5155884","-21.4255084","-48.139586165","-48.049506165"
"(27, 17)","-21.5155884","-21.4255084","-48.049496164999994","-47.959416165"
"(27, 18)","-21.5155884","-21.4255084","-47.959406165","-47.869326165000004"
"(27, 19)","-21.5155884","-21.4255084","-47.869316165","-47.779236165"
"(27, 20)","-21.5155884","-21.4255084","-47.779226165","-47.689146165"
"(27, 21)","-21.5155884","-21.4255084","-47.689136164999994","-47.599056165"
"(27, 22)","-21.5155884","-21.4255084","-47.599046165","-47.508966165000004"
"(27, 23)","-21.5155884","-21.4255084","-47.508956165","-47.418876165"
"(27, 24)","-21.5155884","-21.4255084","-47.418866165","-47.328786165"
"(27, 25)","-21.5155884","-21.4255084","-47.328776164999994","-47.238696165"
"(27, 26)","-21.5155884","-21.4255084","-47.238686165","-47.148606165000004"
"(27, 27)","-21.5155884","-21.4255084","-47.148596165","-47.058516165"
"(27, 28)","-21.5155884","-21.4255084","-47.058506165","-46.968426165"
"(27, 29)","-21.5155884","-21.4255084","-46.968416164999994","-46.878336165"
"(27, 30)","-21.5155884","-21.4255084","-46.878326165","-46.788246165000004"
"(27, 31)","-21.5155884","-21.4255084","-46.788236165","-46.698156165"
"(27, 32)","-21.5155884","-21.4255084","-46.698146165","-46.608066165"
"(27, 33)","-21.5155884","-21.4255084","-46.608056164999994","-46.517976165"
"(27, 34)","-21.5155884","-21.4255084","-46.517966165","-46.427886165000004"
"(27, 35)","-21.5155884","-21.4255084","-46.427876165","-46.337796165"
"(27, 36)","-21.5155884","-21.4255084","-46.337786165","-46.247706165"
"(27, 37)","-21.5155884","-21.4255084","-46.247696164999994","-46.157616165"
